Workbook

Sheet Vendor -MOQ- Lead time
A1: Vendor Code | B1: Lead Time in days | C1: MOQ
A2: AAB | B2: 45 | C2: 270
A3: AAdi | B3: 45 | C3: 270
A4: AAFC | B4: 45 | C4: 270
A5: AAma | B5: 45 | C5: 270
A6: AAre | B6: 45 | C6: 270
A7: AARH | B7: 90 | C7: 1080
A8: AAri | B8: 30 | C8: 180
A9: EBes | B9: 45 | C9: 270
A10: EDaz | B10: 30 | C10: 180
A11: EEnh | B11: 60 | C11: 720
A12: EFai | B12: 60 | C12: 1080
A13: EFla | B13: 90 | C13: 1440
... A45: IZoo | B45: 90 | C45: 2880

Sheet Article Type-Days of cover
A1: Article type | B1: Favourable DOH
A2: 25-50% | B2: 45
A3: 50-75% | B3: 30
A4: last 25% | B4: 30
A5: Retire | B5: 0
A6: Top 25 % | B6: 60
A7: REST | B7: 30

Sheet Vendor code- SKU mapping
A1: AAB | B1: AAB
A2: AAB | B2: 2242125-PK11
A3: AAB | B3: 2242144-BG11
A4: AAB | B4: 2243188-CR11
A5: AAB | B5: 2244001-CH11
A6: AAB | B6: 2244101-CH11
A7: AAB | B7: 2246045-PH11
A8: AAB | B8: 2246065-BK11
A9: AAB | B9: 2246076-CR11
A10: AAdi | B10: AAdi
A11: AAdi | B11: 2242145-WHBK
A12: AAdi | B12: 2244094-KH11
... A806: OSon | B806: 2247087-BG11

Sheet SKU sales and Inventory
C1: Current inventory in the warehouse | D1: Per month Sales units
A2: SKU | B2: Article type | D2: 45962 | E2: 45931 | F2: 45901 | G2: 45870 | H2: 45839 | I2: 45809 | J2: 45778 | K2: 45748 | L2: 45717 | M2: 45689 | N2: 45658 | O2: 45627 | P2: 45597 | Q2: 45566
A3: 2246068-BG11 | B3: 25-50% | C3: 102 | D3: 5604 | E3: 2307 | F3: 1962 | G3: 387 | H3: 183 | I3: 258 | J3: 1173 | K3: 1914 | L3: 1737 | M3: 1488 | N3: 876 | O3: 393 | P3: 252 | Q3: 87
A4: 2245501-WH11 | B4: 25-50% | C4: 4803 | D4: 4209 | E4: 5127 | F4: 8214 | G4: 4647 | H4: 3903 | I4: 2847 | J4: 1338 | K4: 492 | L4: 387 | M4: 99 | N4: 0 | O4: 0 | P4: 0 | Q4: 0
A5: 2247076-BK11 | B5: 25-50% | C5: 786 | D5: 3753 | E5: 3525 | F5: 3717 | G5: 2310 | H5: 2451 | I5: 2298 | J5: 2058 | K5: 1731 | L5: 1854 | M5: 981 | N5: 552 | O5: 171 | P5: 177 | Q5: 156
A6: 2246068-LG11 | B6: Top 25 % | C6: 2946 | D6: 3102 | E6: 4389 | F6: 5751 | G6: 3636 | H6: 3432 | I6: 2421 | J6: 2673 | K6: 1800 | L6: 2448 | M6: 1701 | N6: 1650 | O6: 2109 | P6: 2004 | Q6: 4134
A7: 2246068-BK11 | B7: last 25% | C7: 51 | D7: 3090 | E7: 2856 | F7: 2709 | G7: 1989 | H7: 1137 | I7: 126 | J7: 99 | K7: 0 | L7: 0 | M7: 0 | N7: 0 | O7: 0 | P7: 0 | Q7: 0
A8: 2242126-BK11 | B8: Top 25 % | C8: 4992 | D8: 2952 | E8: 3201 | F8: 2259 | G8: 1122 | H8: 1803 | I8: 1488 | J8: 2955 | K8: 3279 | L8: 3366 | M8: 3456 | N8: 2802 | O8: 3195 | P8: 3261 | Q8: 6018
A9: 2243174-BR11 | B9: 50-75% | C9: 1671 | D9: 2658 | E9: 1458 | F9: 1563 | G9: 1497 | H9: 1089 | I9: 777 | J9: 1056 | K9: 1086 | L9: 153 | M9: 1104 | N9: 345 | O9: 543 | P9: 231 | Q9: 0
A10: 2247076-BG11 | B10: 25-50% | C10: 5796 | D10: 2493 | E10: 3138 | F10: 7017 | G10: 2478 | H10: 3687 | I10: 2844 | J10: 1266 | K10: 582 | L10: 330 | M10: 102 | N10: 6 | O10: 0 | P10: 0 | Q10: 0
A11: 2243183-BK11 | B11: 50-75% | C11: 930 | D11: 2490 | E11: 1518 | F11: 1404 | G11: 1650 | H11: 1107 | I11: 732 | J11: 750 | K11: 219 | L11: 2277 | M11: 1008 | N11: 261 | O11: 309 | P11: 537 | Q11: 6
A12: 2245501-BK11 | B12: 25-50% | C12: 8799 | D12: 2358 | E12: 2970 | F12: 5559 | G12: 3915 | H12: 4356 | I12: 2616 | J12: 1104 | K12: 522 | L12: 324 | M12: 129 | N12: 0 | O12: 0 | P12: 0 | Q12: 0
A13: 2243071-BR11 | B13: Top 25 % | C13: 2154 | D13: 2178 | E13: 3330 | F13: 3231 | G13: 2433 | H13: 1632 | I13: 1269 | J13: 1845 | K13: 2301 | L13: 2448 | M13: 2175 | N13: 1617 | O13: 1389 | P13: 891 | Q13: 1041
A14: 2246068-CR11 | B14: Top 25 % | C14: 399 | D14: 2031 | E14: 2112 | F14: 945 | G14: 369 | H14: 525 | I14: 579 | J14: 888 | K14: 918 | L14: 1098 | M14: 1152 | N14: 906 | O14: 489 | P14: 144 | Q14: 0
... A764: 2244006-GNCR | B764: Retire | C764: 141 | D764: 0 | E764: 0 | F764: 3 | G764: 3 | H764: 0 | I764: 0 | J764: 0 | K764: 0 | L764: 0 | M764: 0 | N764: 0 | O764: 0 | P764: 0 | Q764: 0
B765: Grand Total | C765: =SUM(C3:C764) -> 297834 | D765: =SUM(D3:D764) -> 166563 | E765: =SUM(E3:E764) -> 194181 | F765: =SUM(F3:F764) -> 208452 | G765: =SUM(G3:G764) -> 142602 | H765: =SUM(H3:H764) -> 144963 | I765: =SUM(I3:I764) -> 105543 | J765: =SUM(J3:J764) -> 109344 | ... Q765: =SUM(Q3:Q764) -> 105417

Sheet Task 1
A1: SKU | B1: Avg Monthly Sales | C1: Forecast (Next 60 Days) | D1: Method Used
A2: 2246068-BG11 | B2: =ROUND(AVERAGE('SKU sales and Inventory'!D3:Q3),0) -> 1330 | C2: =2*AVERAGE('SKU sales and Inventory'!D3:F3) -> 6582 | D2: Simple Moving Average
A3: 2245501-WH11 | B3: =ROUND(AVERAGE('SKU sales and Inventory'!D4:Q4),0) -> 2233 | C3: =2*AVERAGE('SKU sales and Inventory'!D4:F4) -> 11700 | D3: Simple Moving Average
A4: 2247076-BK11 | B4: =ROUND(AVERAGE('SKU sales and Inventory'!D5:Q5),0) -> 1838 | C4: =2*AVERAGE('SKU sales and Inventory'!D5:F5) -> 7330 | D4: Simple Moving Average
A5: 2246068-LG11 | B5: =ROUND(AVERAGE('SKU sales and Inventory'!D6:Q6),0) -> 2946 | C5: =2*AVERAGE('SKU sales and Inventory'!D6:F6) -> 8828 | D5: Simple Moving Average
A6: 2246068-BK11 | B6: =ROUND(AVERAGE('SKU sales and Inventory'!D7:Q7),0) -> 858 | C6: =2*AVERAGE('SKU sales and Inventory'!D7:F7) -> 5770 | D6: Simple Moving Average
A7: 2242126-BK11 | B7: =ROUND(AVERAGE('SKU sales and Inventory'!D8:Q8),0) -> 2940 | C7: =2*AVERAGE('SKU sales and Inventory'!D8:F8) -> 5608 | D7: Simple Moving Average
A8: 2243174-BR11 | B8: =ROUND(AVERAGE('SKU sales and Inventory'!D9:Q9),0) -> 969 | C8: =2*AVERAGE('SKU sales and Inventory'!D9:F9) -> 3786 | D8: Simple Moving Average
A9: 2247076-BG11 | B9: =ROUND(AVERAGE('SKU sales and Inventory'!D10:Q10),0) -> 1710 | C9: =2*AVERAGE('SKU sales and Inventory'!D10:F10) -> 8432 | D9: Simple Moving Average
A10: 2243183-BK11 | B10: =ROUND(AVERAGE('SKU sales and Inventory'!D11:Q11),0) -> 1019 | C10: =2*AVERAGE('SKU sales and Inventory'!D11:F11) -> 3608 | D10: Simple Moving Average
A11: 2245501-BK11 | B11: =ROUND(AVERAGE('SKU sales and Inventory'!D12:Q12),0) -> 1704 | C11: =2*AVERAGE('SKU sales and Inventory'!D12:F12) -> 7258 | D11: Simple Moving Average
A12: 2243071-BR11 | B12: =ROUND(AVERAGE('SKU sales and Inventory'!D13:Q13),0) -> 1984 | C12: =2*AVERAGE('SKU sales and Inventory'!D13:F13) -> 5826 | D12: Simple Moving Average
A13: 2246068-CR11 | B13: =ROUND(AVERAGE('SKU sales and Inventory'!D14:Q14),0) -> 868 | C13: =2*AVERAGE('SKU sales and Inventory'!D14:F14) -> 3392 | D13: Simple Moving Average
... A763: 2244006-GNCR | B763: =ROUND(AVERAGE('SKU sales and Inventory'!D764:Q764),0) -> 0 | C763: =2*AVERAGE('SKU sales and Inventory'!D764:F764) -> 2 | D763: Simple Moving Average

Sheet Task 2
A1: SKU | B1: ArticleType | C1: DOC Required | D1: Forecast Daily Sale | E1: Required Quantity | F1: Current Stock | G1: Shortages/Excess
A2: 2246068-BG11 | B2: 25-50% | C2: {=_xlfn.IFS(B2="25-50%",45,B2="50-75%",30,B2="last 25%",30,B2="Retire",0,B2="Top 25 %",60,B2="REST",30)} -> 45 | D2: {=AVERAGE('SKU sales and Inventory'!D3:F3/30)} -> 109.7 | E2: =D2*C2 -> 4936.5 | F2: 102 | G2: =F2-E2 -> -4834.5
A3: 2245501-WH11 | B3: 25-50% | C3: {=_xlfn.IFS(B3="25-50%",45,B3="50-75%",30,B3="last 25%",30,B3="Retire",0,B3="Top 25 %",60,B3="REST",30)} -> 45 | D3: {=AVERAGE('SKU sales and Inventory'!D4:F4/30)} -> 195 | E3: =D3*C3 -> 8775 | F3: 4803 | G3: =F3-E3 -> -3972
A4: 2247076-BK11 | B4: 25-50% | C4: {=_xlfn.IFS(B4="25-50%",45,B4="50-75%",30,B4="last 25%",30,B4="Retire",0,B4="Top 25 %",60,B4="REST",30)} -> 45 | D4: {=AVERAGE('SKU sales and Inventory'!D5:F5/30)} -> 122.16667 | E4: =D4*C4 -> 5497.5 | F4: 786 | G4: =F4-E4 -> -4711.5
A5: 2246068-LG11 | B5: Top 25 % | C5: {=_xlfn.IFS(B5="25-50%",45,B5="50-75%",30,B5="last 25%",30,B5="Retire",0,B5="Top 25 %",60,B5="REST",30)} -> 60 | D5: {=AVERAGE('SKU sales and Inventory'!D6:F6/30)} -> 147.13333 | E5: =D5*C5 -> 8828 | F5: 2946 | G5: =F5-E5 -> -5882
A6: 2246068-BK11 | B6: last 25% | C6: {=_xlfn.IFS(B6="25-50%",45,B6="50-75%",30,B6="last 25%",30,B6="Retire",0,B6="Top 25 %",60,B6="REST",30)} -> 30 | D6: {=AVERAGE('SKU sales and Inventory'!D7:F7/30)} -> 96.166667 | E6: =D6*C6 -> 2885 | F6: 51 | G6: =F6-E6 -> -2834
A7: 2242126-BK11 | B7: Top 25 % | C7: {=_xlfn.IFS(B7="25-50%",45,B7="50-75%",30,B7="last 25%",30,B7="Retire",0,B7="Top 25 %",60,B7="REST",30)} -> 60 | D7: {=AVERAGE('SKU sales and Inventory'!D8:F8/30)} -> 93.466667 | E7: =D7*C7 -> 5608 | F7: 4992 | G7: =F7-E7 -> -616
A8: 2243174-BR11 | B8: 50-75% | C8: {=_xlfn.IFS(B8="25-50%",45,B8="50-75%",30,B8="last 25%",30,B8="Retire",0,B8="Top 25 %",60,B8="REST",30)} -> 30 | D8: {=AVERAGE('SKU sales and Inventory'!D9:F9/30)} -> 63.1 | E8: =D8*C8 -> 1893 | F8: 1671 | G8: =F8-E8 -> -222
A9: 2247076-BG11 | B9: 25-50% | C9: {=_xlfn.IFS(B9="25-50%",45,B9="50-75%",30,B9="last 25%",30,B9="Retire",0,B9="Top 25 %",60,B9="REST",30)} -> 45 | D9: {=AVERAGE('SKU sales and Inventory'!D10:F10/30)} -> 140.53333 | E9: =D9*C9 -> 6324 | F9: 5796 | G9: =F9-E9 -> -528
A10: 2243183-BK11 | B10: 50-75% | C10: {=_xlfn.IFS(B10="25-50%",45,B10="50-75%",30,B10="last 25%",30,B10="Retire",0,B10="Top 25 %",60,B10="REST",30)} -> 30 | D10: {=AVERAGE('SKU sales and Inventory'!D11:F11/30)} -> 60.133333 | E10: =D10*C10 -> 1804 | F10: 930 | G10: =F10-E10 -> -874
A11: 2245501-BK11 | B11: 25-50% | C11: {=_xlfn.IFS(B11="25-50%",45,B11="50-75%",30,B11="last 25%",30,B11="Retire",0,B11="Top 25 %",60,B11="REST",30)} -> 45 | D11: {=AVERAGE('SKU sales and Inventory'!D12:F12/30)} -> 120.96667 | E11: =D11*C11 -> 5443.5 | F11: 8799 | G11: =F11-E11 -> 3355.5
A12: 2243071-BR11 | B12: Top 25 % | C12: {=_xlfn.IFS(B12="25-50%",45,B12="50-75%",30,B12="last 25%",30,B12="Retire",0,B12="Top 25 %",60,B12="REST",30)} -> 60 | D12: {=AVERAGE('SKU sales and Inventory'!D13:F13/30)} -> 97.1 | E12: =D12*C12 -> 5826 | F12: 2154 | G12: =F12-E12 -> -3672
A13: 2246068-CR11 | B13: Top 25 % | C13: {=_xlfn.IFS(B13="25-50%",45,B13="50-75%",30,B13="last 25%",30,B13="Retire",0,B13="Top 25 %",60,B13="REST",30)} -> 60 | D13: {=AVERAGE('SKU sales and Inventory'!D14:F14/30)} -> 56.533333 | E13: =D13*C13 -> 3392 | F13: 399 | G13: =F13-E13 -> -2993
... A763: 2244006-GNCR | B763: Retire | C763: {=_xlfn.IFS(B763="25-50%",45,B763="50-75%",30,B763="last 25%",30,B763="Retire",0,B763="Top 25 %",60,B763="REST",30)} -> 0 | D763: {=AVERAGE('SKU sales and Inventory'!D764:F764/30)} -> 0.033333333 | E763: =D763*C763 -> 0 | F763: 141 | G763: =F763-E763 -> 141

Sheet Task 3
A1: SKU | B1: Vendor | C1: Lead Time | D1: Shortage | E1: Qty Needed for Lead Time | F1: MOQ | G1: Suggested PO Qty | H1: Article type | I1: Purphase Price (asssumed since selling price not available in dataset) | J1: Final PO Value
A2: 2246068-BG11 | B2: =_xlfn.XLOOKUP(A2,'Vendor code- SKU mapping'!$B$1:$B$806,'Vendor code- SKU mapping'!$A$1:$A$806) -> EGRS | C2: =VLOOKUP(B2,'Vendor -MOQ- Lead time'!$A$2:$B$45,2,0) -> 45 | D2: =ROUND(IF('Task 2'!G2<0,ABS('Task 2'!G2),0),0) -> 4835 | E2: =ROUND('Task 2'!D2*'Task 3'!C2,0) -> 4937 | F2: =VLOOKUP(B2,'Vendor -MOQ- Lead time'!$A$2:$C$45,3,0) -> 270 | G2: =CEILING(D2+E2,F2) -> 9990 | H2: 25-50% | I2: {=_xlfn.IFS(H2="25-50%",230,H2="Top 25 %",260,H2="50-75%",200,H2="Last 25%",170,H2="Retire",150)} -> 230 | J2: =G2*I2 -> 2297700
A3: 2245501-WH11 | B3: =_xlfn.XLOOKUP(A3,'Vendor code- SKU mapping'!$B$1:$B$806,'Vendor code- SKU mapping'!$A$1:$A$806) -> OPar | C3: =VLOOKUP(B3,'Vendor -MOQ- Lead time'!$A$2:$B$45,2,0) -> 30 | D3: =ROUND(IF('Task 2'!G3<0,ABS('Task 2'!G3),0),0) -> 3972 | E3: =ROUND('Task 2'!D3*'Task 3'!C3,0) -> 5850 | F3: =VLOOKUP(B3,'Vendor -MOQ- Lead time'!$A$2:$C$45,3,0) -> 180 | G3: =CEILING(D3+E3,F3) -> 9900 | H3: 25-50% | I3: {=_xlfn.IFS(H3="25-50%",230,H3="Top 25 %",260,H3="50-75%",200,H3="Last 25%",170,H3="Retire",150)} -> 230 | J3: =G3*I3 -> 2277000
A4: 2247076-BK11 | B4: =_xlfn.XLOOKUP(A4,'Vendor code- SKU mapping'!$B$1:$B$806,'Vendor code- SKU mapping'!$A$1:$A$806) -> OMah | C4: =VLOOKUP(B4,'Vendor -MOQ- Lead time'!$A$2:$B$45,2,0) -> 45 | D4: =ROUND(IF('Task 2'!G4<0,ABS('Task 2'!G4),0),0) -> 4712 | E4: =ROUND('Task 2'!D4*'Task 3'!C4,0) -> 5498 | F4: =VLOOKUP(B4,'Vendor -MOQ- Lead time'!$A$2:$C$45,3,0) -> 270 | G4: =CEILING(D4+E4,F4) -> 10260 | H4: 25-50% | I4: {=_xlfn.IFS(H4="25-50%",230,H4="Top 25 %",260,H4="50-75%",200,H4="Last 25%",170,H4="Retire",150)} -> 230 | J4: =G4*I4 -> 2359800
A5: 2246068-LG11 | B5: =_xlfn.XLOOKUP(A5,'Vendor code- SKU mapping'!$B$1:$B$806,'Vendor code- SKU mapping'!$A$1:$A$806) -> EDaz | C5: =VLOOKUP(B5,'Vendor -MOQ- Lead time'!$A$2:$B$45,2,0) -> 30 | D5: =ROUND(IF('Task 2'!G5<0,ABS('Task 2'!G5),0),0) -> 5882 | E5: =ROUND('Task 2'!D5*'Task 3'!C5,0) -> 4414 | F5: =VLOOKUP(B5,'Vendor -MOQ- Lead time'!$A$2:$C$45,3,0) -> 180 | G5: =CEILING(D5+E5,F5) -> 10440 | H5: Top 25 % | I5: {=_xlfn.IFS(H5="25-50%",230,H5="Top 25 %",260,H5="50-75%",200,H5="Last 25%",170,H5="Retire",150)} -> 260 | J5: =G5*I5 -> 2714400
A6: 2246068-BK11 | B6: =_xlfn.XLOOKUP(A6,'Vendor code- SKU mapping'!$B$1:$B$806,'Vendor code- SKU mapping'!$A$1:$A$806) -> OSha | C6: =VLOOKUP(B6,'Vendor -MOQ- Lead time'!$A$2:$B$45,2,0) -> 45 | D6: =ROUND(IF('Task 2'!G6<0,ABS('Task 2'!G6),0),0) -> 2834 | E6: =ROUND('Task 2'!D6*'Task 3'!C6,0) -> 4328 | F6: =VLOOKUP(B6,'Vendor -MOQ- Lead time'!$A$2:$C$45,3,0) -> 270 | G6: =CEILING(D6+E6,F6) -> 7290 | H6: last 25% | I6: {=_xlfn.IFS(H6="25-50%",230,H6="Top 25 %",260,H6="50-75%",200,H6="Last 25%",170,H6="Retire",150)} -> 170 | J6: =G6*I6 -> 1239300
A7: 2242126-BK11 | B7: =_xlfn.XLOOKUP(A7,'Vendor code- SKU mapping'!$B$1:$B$806,'Vendor code- SKU mapping'!$A$1:$A$806) -> OMah | C7: =VLOOKUP(B7,'Vendor -MOQ- Lead time'!$A$2:$B$45,2,0) -> 45 | D7: =ROUND(IF('Task 2'!G7<0,ABS('Task 2'!G7),0),0) -> 616 | E7: =ROUND('Task 2'!D7*'Task 3'!C7,0) -> 4206 | F7: =VLOOKUP(B7,'Vendor -MOQ- Lead time'!$A$2:$C$45,3,0) -> 270 | G7: =CEILING(D7+E7,F7) -> 4860 | H7: Top 25 % | I7: {=_xlfn.IFS(H7="25-50%",230,H7="Top 25 %",260,H7="50-75%",200,H7="Last 25%",170,H7="Retire",150)} -> 260 | J7: =G7*I7 -> 1263600
A8: 2243174-BR11 | B8: =_xlfn.XLOOKUP(A8,'Vendor code- SKU mapping'!$B$1:$B$806,'Vendor code- SKU mapping'!$A$1:$A$806) -> ONex | C8: =VLOOKUP(B8,'Vendor -MOQ- Lead time'!$A$2:$B$45,2,0) -> 90 | D8: =ROUND(IF('Task 2'!G8<0,ABS('Task 2'!G8),0),0) -> 222 | E8: =ROUND('Task 2'!D8*'Task 3'!C8,0) -> 5679 | F8: =VLOOKUP(B8,'Vendor -MOQ- Lead time'!$A$2:$C$45,3,0) -> 1440 | G8: =CEILING(D8+E8,F8) -> 7200 | H8: 50-75% | I8: {=_xlfn.IFS(H8="25-50%",230,H8="Top 25 %",260,H8="50-75%",200,H8="Last 25%",170,H8="Retire",150)} -> 200 | J8: =G8*I8 -> 1440000
A9: 2247076-BG11 | B9: =_xlfn.XLOOKUP(A9,'Vendor code- SKU mapping'!$B$1:$B$806,'Vendor code- SKU mapping'!$A$1:$A$806) -> OPar | C9: =VLOOKUP(B9,'Vendor -MOQ- Lead time'!$A$2:$B$45,2,0) -> 30 | D9: =ROUND(IF('Task 2'!G9<0,ABS('Task 2'!G9),0),0) -> 528 | E9: =ROUND('Task 2'!D9*'Task 3'!C9,0) -> 4216 | F9: =VLOOKUP(B9,'Vendor -MOQ- Lead time'!$A$2:$C$45,3,0) -> 180 | G9: =CEILING(D9+E9,F9) -> 4860 | H9: 25-50% | I9: {=_xlfn.IFS(H9="25-50%",230,H9="Top 25 %",260,H9="50-75%",200,H9="Last 25%",170,H9="Retire",150)} -> 230 | J9: =G9*I9 -> 1117800
A10: 2243183-BK11 | B10: =_xlfn.XLOOKUP(A10,'Vendor code- SKU mapping'!$B$1:$B$806,'Vendor code- SKU mapping'!$A$1:$A$806) -> ONex | C10: =VLOOKUP(B10,'Vendor -MOQ- Lead time'!$A$2:$B$45,2,0) -> 90 | D10: =ROUND(IF('Task 2'!G10<0,ABS('Task 2'!G10),0),0) -> 874 | E10: =ROUND('Task 2'!D10*'Task 3'!C10,0) -> 5412 | F10: =VLOOKUP(B10,'Vendor -MOQ- Lead time'!$A$2:$C$45,3,0) -> 1440 | G10: =CEILING(D10+E10,F10) -> 7200 | H10: 50-75% | I10: {=_xlfn.IFS(H10="25-50%",230,H10="Top 25 %",260,H10="50-75%",200,H10="Last 25%",170,H10="Retire",150)} -> 200 | J10: =G10*I10 -> 1440000
A11: 2245501-BK11 | B11: =_xlfn.XLOOKUP(A11,'Vendor code- SKU mapping'!$B$1:$B$806,'Vendor code- SKU mapping'!$A$1:$A$806) -> OPar | C11: =VLOOKUP(B11,'Vendor -MOQ- Lead time'!$A$2:$B$45,2,0) -> 30 | D11: =ROUND(IF('Task 2'!G11<0,ABS('Task 2'!G11),0),0) -> 0 | E11: =ROUND('Task 2'!D11*'Task 3'!C11,0) -> 3629 | F11: =VLOOKUP(B11,'Vendor -MOQ- Lead time'!$A$2:$C$45,3,0) -> 180 | G11: =CEILING(D11+E11,F11) -> 3780 | H11: 25-50% | I11: {=_xlfn.IFS(H11="25-50%",230,H11="Top 25 %",260,H11="50-75%",200,H11="Last 25%",170,H11="Retire",150)} -> 230 | J11: =G11*I11 -> 869400
A12: 2243071-BR11 | B12: =_xlfn.XLOOKUP(A12,'Vendor code- SKU mapping'!$B$1:$B$806,'Vendor code- SKU mapping'!$A$1:$A$806) -> AAFC | C12: =VLOOKUP(B12,'Vendor -MOQ- Lead time'!$A$2:$B$45,2,0) -> 45 | D12: =ROUND(IF('Task 2'!G12<0,ABS('Task 2'!G12),0),0) -> 3672 | E12: =ROUND('Task 2'!D12*'Task 3'!C12,0) -> 4370 | F12: =VLOOKUP(B12,'Vendor -MOQ- Lead time'!$A$2:$C$45,3,0) -> 270 | G12: =CEILING(D12+E12,F12) -> 8100 | H12: Top 25 % | I12: {=_xlfn.IFS(H12="25-50%",230,H12="Top 25 %",260,H12="50-75%",200,H12="Last 25%",170,H12="Retire",150)} -> 260 | J12: =G12*I12 -> 2106000
A13: 2246068-CR11 | B13: =_xlfn.XLOOKUP(A13,'Vendor code- SKU mapping'!$B$1:$B$806,'Vendor code- SKU mapping'!$A$1:$A$806) -> OMah | C13: =VLOOKUP(B13,'Vendor -MOQ- Lead time'!$A$2:$B$45,2,0) -> 45 | D13: =ROUND(IF('Task 2'!G13<0,ABS('Task 2'!G13),0),0) -> 2993 | E13: =ROUND('Task 2'!D13*'Task 3'!C13,0) -> 2544 | F13: =VLOOKUP(B13,'Vendor -MOQ- Lead time'!$A$2:$C$45,3,0) -> 270 | G13: =CEILING(D13+E13,F13) -> 5670 | H13: Top 25 % | I13: {=_xlfn.IFS(H13="25-50%",230,H13="Top 25 %",260,H13="50-75%",200,H13="Last 25%",170,H13="Retire",150)} -> 260 | J13: =G13*I13 -> 1474200
... A763: 2244006-GNCR | B763: =_xlfn.XLOOKUP(A763,'Vendor code- SKU mapping'!$B$1:$B$806,'Vendor code- SKU mapping'!$A$1:$A$806) -> OSha | C763: =VLOOKUP(B763,'Vendor -MOQ- Lead time'!$A$2:$B$45,2,0) -> 45 | D763: =ROUND(IF('Task 2'!G763<0,ABS('Task 2'!G763),0),0) -> 0 | E763: =ROUND('Task 2'!D763*'Task 3'!C763,0) -> 2 | F763: =VLOOKUP(B763,'Vendor -MOQ- Lead time'!$A$2:$C$45,3,0) -> 270 | G763: =CEILING(D763+E763,F763) -> 270 | H763: Retire | I763: {=_xlfn.IFS(H763="25-50%",230,H763="Top 25 %",260,H763="50-75%",200,H763="Last 25%",170,H763="Retire",150)} -> 150 | J763: =G763*I763 -> 40500

Sheet Task 4
A1: SKU | B1: Total Required | C1: FBA (11 DOC) | D1: Q-Commerce (6 DOC) | E1: Mundka | F1: Allocation Logic
A2: 2246068-BG11 | B2: 9990 | C2: =MIN(B2,'Task 2'!D2*11) -> 1206.7 | D2: =MIN(B2-C2,'Task 2'!D2*6) -> 658.2 | E2: =B2-C2-D2 -> 8125.1 | F2: DOC is taken as 11 for FBA and DOC is taken as 6 for Q-Commerce
A3: 2245501-WH11 | B3: 9900 | C3: =MIN(B3,'Task 2'!D3*11) -> 2145 | D3: =MIN(B3-C3,'Task 2'!D3*6) -> 1170 | E3: =B3-C3-D3 -> 6585 | F3: DOC is taken as 11 for FBA and DOC is taken as 6 for Q-Commerce
A4: 2247076-BK11 | B4: 10260 | C4: =MIN(B4,'Task 2'!D4*11) -> 1343.8333 | D4: =MIN(B4-C4,'Task 2'!D4*6) -> 733 | E4: =B4-C4-D4 -> 8183.1667 | F4: DOC is taken as 11 for FBA and DOC is taken as 6 for Q-Commerce
A5: 2246068-LG11 | B5: 10440 | C5: =MIN(B5,'Task 2'!D5*11) -> 1618.4667 | D5: =MIN(B5-C5,'Task 2'!D5*6) -> 882.8 | E5: =B5-C5-D5 -> 7938.7333 | F5: DOC is taken as 11 for FBA and DOC is taken as 6 for Q-Commerce
A6: 2246068-BK11 | B6: 7290 | C6: =MIN(B6,'Task 2'!D6*11) -> 1057.8333 | D6: =MIN(B6-C6,'Task 2'!D6*6) -> 577 | E6: =B6-C6-D6 -> 5655.1667 | F6: DOC is taken as 11 for FBA and DOC is taken as 6 for Q-Commerce
A7: 2242126-BK11 | B7: 4860 | C7: =MIN(B7,'Task 2'!D7*11) -> 1028.1333 | D7: =MIN(B7-C7,'Task 2'!D7*6) -> 560.8 | E7: =B7-C7-D7 -> 3271.0667 | F7: DOC is taken as 11 for FBA and DOC is taken as 6 for Q-Commerce
A8: 2243174-BR11 | B8: 7200 | C8: =MIN(B8,'Task 2'!D8*11) -> 694.1 | D8: =MIN(B8-C8,'Task 2'!D8*6) -> 378.6 | E8: =B8-C8-D8 -> 6127.3 | F8: DOC is taken as 11 for FBA and DOC is taken as 6 for Q-Commerce
A9: 2247076-BG11 | B9: 4860 | C9: =MIN(B9,'Task 2'!D9*11) -> 1545.8667 | D9: =MIN(B9-C9,'Task 2'!D9*6) -> 843.2 | E9: =B9-C9-D9 -> 2470.9333 | F9: DOC is taken as 11 for FBA and DOC is taken as 6 for Q-Commerce
A10: 2243183-BK11 | B10: 7200 | C10: =MIN(B10,'Task 2'!D10*11) -> 661.46667 | D10: =MIN(B10-C10,'Task 2'!D10*6) -> 360.8 | E10: =B10-C10-D10 -> 6177.7333 | F10: DOC is taken as 11 for FBA and DOC is taken as 6 for Q-Commerce
A11: 2245501-BK11 | B11: 3780 | C11: =MIN(B11,'Task 2'!D11*11) -> 1330.6333 | D11: =MIN(B11-C11,'Task 2'!D11*6) -> 725.8 | E11: =B11-C11-D11 -> 1723.5667 | F11: DOC is taken as 11 for FBA and DOC is taken as 6 for Q-Commerce
A12: 2243071-BR11 | B12: 8100 | C12: =MIN(B12,'Task 2'!D12*11) -> 1068.1 | D12: =MIN(B12-C12,'Task 2'!D12*6) -> 582.6 | E12: =B12-C12-D12 -> 6449.3 | F12: DOC is taken as 11 for FBA and DOC is taken as 6 for Q-Commerce
A13: 2246068-CR11 | B13: 5670 | C13: =MIN(B13,'Task 2'!D13*11) -> 621.86667 | D13: =MIN(B13-C13,'Task 2'!D13*6) -> 339.2 | E13: =B13-C13-D13 -> 4708.9333 | F13: DOC is taken as 11 for FBA and DOC is taken as 6 for Q-Commerce
... A763: 2244006-GNCR | B763: 270 | C763: =MIN(B763,'Task 2'!D763*11) -> 0.36666667 | D763: =MIN(B763-C763,'Task 2'!D763*6) -> 0.2 | E763: =B763-C763-D763 -> 269.43333 | F763: DOC is taken as 11 for FBA and DOC is taken as 6 for Q-Commerce
